#,Creator,Type,City,Category,Places,Tips / Summary,Flag,Video URL
1,@bookofjessica,📸 Slideshow,Da Nang,Food & Drink,,"And as always, check link in my bio for freebies and resources. DM me with any questions! Happy to help!",,https://www.tiktok.com/@bookofjessica/photo/7630704801453477151
2,@stepinutopia,📸 Slideshow,Da Nang,Food & Drink,,send me more recommendations to try!!,,https://www.tiktok.com/@stepinutopia/photo/7628289556294503696
3,@danangholic.tiktok,🎥 Video,Da Nang,Food & Drink,,if you're looking for a restaurant in Danang with river view + all day dining. Check out I HATE MONDAY,,https://www.tiktok.com/@danangholic.tiktok/video/7636010557014805780
4,@stepinutopia,🎥 Video,Da Nang,Food & Drink,the roof,"one of my favorite bar in Da Nang!good view, good music & amazing drinks + foods 😍must visit in Da Nang to chill & enjoying the view 😍📍the roof",,https://www.tiktok.com/@stepinutopia/video/7637192958353149201
5,@elanhw,📸 Slideshow,Da Nang,Food & Drink,,Promise we do eat local food too 🫣,,https://www.tiktok.com/@elanhw/photo/7625675117938380054
6,@gowithcy,📸 Slideshow,Da Nang,Food & Drink,,"after spending months eating my way around da nang, i finally put together my full google maps list ✨i’ve personally tried almost all of the places in…",,https://www.tiktok.com/@gowithcy/photo/7640493669643996434
8,@vietnam_expresstour,🎥 Video,Da Nang,Itinerary,,20 hidden gems in Da Nang you probably didn’t know existed 🇻🇳,,https://www.tiktok.com/@vietnam_expresstour/video/7640542705780624660
9,@dwendyt,📸 Slideshow,Ho Chi Minh,Food & Drink,,"yes i went to vietnam for 10 days so i def ate ALOT… vietnam food hits and slide 8 was def my favourite, 10/10 for sure😭 send me back to vietnam!!!",,https://www.tiktok.com/@dwendyt/photo/7624904076530306325
10,@dwendyt,📸 Slideshow,Ho Chi Minh,General,,here’s the places i went in vietnam and how i feel about them! let me know your thoughts and if you feel the same 😌,,https://www.tiktok.com/@dwendyt/photo/7640483842289192213
11,@joelchoozw,🎥 Video,Ho Chi Minh,Shopping,,My Ho Chi Minh shopping guide!,,https://www.tiktok.com/@joelchoozw/video/7630356619804593429
12,@nasindanang,📸 Slideshow,Hoi An,Tips & Budget,,"6 things you must to do in Hoi An, Viet Nam! 🇻🇳",,https://www.tiktok.com/@nasindanang/photo/7619320732782300437
13,@notesfrommax,📸 Slideshow,Hoi An,Activity,,"📌 SAVE this for your next trip to Hoi An 🇻🇳If you’re planning a trip to Vietnam, Hoi An MUST be on your list 🤩There is so much to see and do in Hoi An…",,https://www.tiktok.com/@notesfrommax/photo/7616351301064068373
14,@vietnam_expresstour,🎥 Video,Ba Na Hills,Attraction,"Ba Na Hills - ride one of the world’s longest cable cars and walk the iconic Golden Bridge 🌉😍📍 My Khe Beach - soft sand, clear water, and perfect sunrise vibes 🏖️💙📍 Marble Mountains - caves, temples, and epic viewpoints ⛰️✨📍 Dragon Bridge - catch the fire & water show on weekends 🔥🐉📍 Son Tra Peninsula - scenic coastal roads and hidden nature spots 🌿🐒📍 Han Market - local food, souvenirs, and authentic vibes 🛍️🍜📍 Hai Van Pass - one of the most beautiful coastal drives in the world 🛵🌊📍 Beach bars along My Khe Beach - sunset cocktails and chill vibes 🍹🌅📍 Love Bridge Da Nang - romantic spot by the Han River 💖📍 Hoi An Ancient Town - just 30 minutes away, magical lantern nights 🏮✨So… is Da Nang on your bucket list yet? 😍📩 DM for Da Nang tours & travel tips!",10 places you can’t miss during your holiday in Da Nang 🇻🇳✨📍 Ba Na Hills - ride one of the world’s longest cable cars and walk the iconic Golden Bridg…,,https://www.tiktok.com/@vietnam_expresstour/video/7633440222952295700
15,@frickinalexnguyen,🎥 Video (no caption),Ho Chi Minh,Shopping,Mozaic Space; Wedooks,"Must-buy in Vietnam: smart casual trousers. Best spots in Saigon: Mozaic Space and Wedooks. Both offer quality, well-fitting pants for smart casual style.",,https://www.tiktok.com/@frickinalexnguyen/video/7622108524016946463
16,@tgsyfqh94,📸 Slideshow,Da Nang,Food & Drink,,"During our short trip to Da Nang and Hoi An, we enjoyed some nice meals from cafes to street food. The food was good, and the peaceful environment made everything better. The scenery was stunning, and it was a nice break from daily grind.",,https://www.tiktok.com/@tgsyfqh94/photo/7631853595222199570
17,@nykudon,🎥 Video,Ba Na Hills,Itinerary,,"Siapa yang punya rencana mau pergi ke Ba Na Hills?🥳🥳Gak udah bingung lagi kalo cari tempat sholat! karna disini nyediain prayer room loh😍Selain tempatnya strategis, disini juga enak luas bersih buat sholat, jadi jalan jalan dan main di bana lebih tenang lagi deh kalo udah menuntaskan kewajiban xixixi🥰🥰",,https://www.tiktok.com/@nykudon/video/7633058490319228180
18,@mutiasalmakha,🎥 Video,Ho Chi Minh,Tips & Budget,,"Kalau ke Ho Chi Minh, Vietnam jangan stay di District 1 doang 😭Karena kalau cuma di sana, kalian nggak bakal kerasa “murahnya Vietnam”.District 1 itu tourist trap. Tempat turis, harga turis.Buat bule mungkin murah, tapi buat kita orang Indonesia? Ya jatuhnya tetep mahal 😅Nggak relate sama biaya hidup harian di Indo.Coba deh main ke district lain kayak District 3, District 5, District 10, Tan Binh, dan area luar lainnya.Nah baru tuh kerasa bedanya 😭Makan lebih murah, kopi lebih murah, belanja juga beda jauh.Bahkan supermarket jangan ke Lotte terus. Cobain supermarket lokal Vietnam harganya bisa bikin bengong karena murah banget dibanding area turis 😭Intinya:Kalau mau ngerasain real cost of living Vietnam, jangan ngendon di District 1 doang ✈️🇻🇳",,https://www.tiktok.com/@mutiasalmakha/video/7638306857865514258
19,@rosswinss,📸 Slideshow,Ho Chi Minh,Itinerary,,Our 5D4N Ho Chi Minh City Itinerary. Vietnam is definitely on the top of my list as of 2026 🌟,,https://www.tiktok.com/@rosswinss/photo/7607123943970950421
20,@nikitaalfian,🎥 Video,Ba Na Hills,Itinerary,,"kok bisa ya ada tempat secakep ini di ketinggian 1,500mdpl🥹💗 kalau kalian ke vietnam jangan lupa masukin Ba Na Hilss ke itinerary kalian! 🇻🇳save & sha…",,https://www.tiktok.com/@nikitaalfian/video/7627074961886252309
21,@roamingwiththefel,🎥 Video,Da Nang,Food & Drink,,Can’t believe it is our last night.Da Nang has been our home for nearly 7 months.We have made some amazing memories as a family 🥰But our last night had to involve a trip to Boulevard Da Nang for the best Bingsu Followed by a trip to see the puppies 🐶Good Bye Da NangGood Bye Vietnam (for now😋),,https://www.tiktok.com/@roamingwiththefel/video/7627140951760178434
22,@thedeeshive,🎥 Video,Ba Na Hills,Activity,,to save time queueing up for tickets AND add on the WOW pass! Use THEDEESHIVE for additional discount.,,https://www.tiktok.com/@thedeeshive/video/7623430690117438741
23,@kisstour,🎥 Video,Hoi An,Attraction,,"Hoi An ancient town is one of Vietnam’s most charming destinations with history, vibrant culture, river views, beaches, food, and unforgettable experi…",,https://www.tiktok.com/@kisstour/video/7616198922570190100
24,@rocelp,📸 Slideshow,Vietnam (General),Shopping,Just Viet (instant coffee brand),Vietnamese instant coffee recommendation — 'Just Viet' brand. Great as souvenir/pasalubong.,,https://www.tiktok.com/@rocelp/photo/7635609799920487698
25,@marikowanderlust,🎥 Video,Hoi An,Food & Drink,,a little coffee stop in Hoi An and  it might just be your fav one~ they literally serve the prettiest coffee ever🥹☕️,,https://www.tiktok.com/@marikowanderlust/video/7618183618388626708
26,@vietnamexpress.diary,🎥 Video,Ho Chi Minh,Food & Drink,Oasis Cafe📍 Miền Thảo Mộc📍 Vườn Thiên Giới📍 Cái Tổ Chim📍 The CloudestWhich one are you visiting first? ☕🌿Follow me for more hidden gems & aesthetic spots in Saigon ✨,These are some of the most dreamy aesthetic cafés in Ho Chi Minh City. Save this for your next café hopping day ✨📍 Oasis Cafe📍 Miền Thảo Mộc📍 Vườn Thi…,,https://www.tiktok.com/@vietnamexpress.diary/video/7633064613713562887
27,@winataexplores,🎥 Video (no caption),Ho Chi Minh,Attraction,METASHOW Exhibition — Thiso Mall 4th Floor,"Van Gogh immersive light exhibition at METASHOW, Thiso Mall 4th Floor. Open daily 10AM–10PM. Plan 45–60 mins. Great indoor activity, especially in the heat.",,https://www.tiktok.com/@winataexplores/video/7609627004345797909
28,@elorado,🎥 Video,Ho Chi Minh,Food & Drink,,"where the locals eat in HCM, Vietnam",,https://www.tiktok.com/@elorado/video/7619874726114118930
30,@itswinnew,🎥 Video,Ho Chi Minh,Food & Drink,,,,https://www.tiktok.com/@itswinnew/video/7603983634780998934
31,@ericaagl,📸 Slideshow,Ho Chi Minh,Itinerary,,"my first time travel to Ho Chi Minh, Vietnamhere some of place and things to do!",,https://www.tiktok.com/@ericaagl/photo/7626371056701279496
32,@dwendyt,📸 Slideshow,Ho Chi Minh,Food & Drink,,"i miss vn so much, there’s so much to do and eat!! more vn content coming up!! ✨",,https://www.tiktok.com/@dwendyt/photo/7622195733055196436
33,@arsipkelana,📸 Slideshow,Vietnam (General),Food & Drink,,Jangan makan yg ituitu sajah…🙅‍♀️You’re welcome🥰,,https://www.tiktok.com/@arsipkelana/photo/7627111824789441800
35,@giashin15,🎥 Video,Ba Na Hills,Activity,,"Actually one of my favourite parts of Vietnam other than the food and culture🤩🇻🇳✅ 2/4 Alpine Coasters in Vietnam checked! 🎢💖 Sharing more about my Vietnam trip soon, follow along!",,https://www.tiktok.com/@giashin15/video/7606228683141172498
36,@ama.vietnam.blog,🎥 Video,Ho Chi Minh,Food & Drink,"Address: 80 Đường 36, Linh Đông, Thủ Đức, Ho Chi Minh City, Vietnam – Vườn Thiên Giới.In Vietnam, coffee isn’t just coffee, it’s an experience. From the coffee quality to the concept, the design, and the vibes, every detail is just on the next level. 💯A hidden coffee spot you’ll want on your Vietnam bucket list, enjoy! 😃","📍Address: 80 Đường 36, Linh Đông, Thủ Đức, Ho Chi Minh City, Vietnam – Vườn Thiên Giới.In Vietnam, coffee isn’t just coffee, it’s an experience. From the coffee quality to the concept, the design, and the vibes, every detail is just on the next level. 💯A hidden coffee spot you’ll want on your Vietnam bucket list, enjoy! 😃",,https://www.tiktok.com/@ama.vietnam.blog/video/7622292046052707602
37,@adventurers00,📸 Slideshow,Ho Chi Minh,General,,we haven’t been yet but this is what we plan to do!,,https://www.tiktok.com/@adventurers00/photo/7607530037121731843
38,@ckkkiddo,🎥 Video,Da Nang,Shopping,,"lotte mart didn’t disappoint. best tiktok finds for cheap groceries, pasalubong, and shopping! 🛒✨ ONLY IN VIETNAM!",,https://www.tiktok.com/@ckkkiddo/video/7618103194337463570
39,@leannayna,🎥 Video,Ho Chi Minh,General,,strolling around ho chi minh <3,,https://www.tiktok.com/@leannayna/video/7618919001879563541
40,@mnf1182,🎥 Video,Ba Na Hills,Activity,,"Kalau dah sampai Ba Na Hills, tak try naik Alpine Coaster ni memang rugi, boleh beli ticket dekat Klook or kat kaunter je.. berbaloi, cuma time ni foggy & raining so view pun biasa² jelah😊",,https://www.tiktok.com/@mnf1182/video/7592975994118573330
41,@vowellesociety,📸 Slideshow,Ho Chi Minh,Food & Drink,,What NOT to do (from experience 😅👇)	•	street food without checking = 3 days crackers diet	•	renting a scooter = near death experience	•	trusting hype spots blindlyWhat you MUST do:	•	fruit tasting obsession 🍍	•	egg coffee (life-changing)	•	boutique shopping in District 1	•	Michelin dining without breaking the bank,,https://www.tiktok.com/@vowellesociety/photo/7622552597584514325
43,@vanishaoctaviana,🎥 Video,Ho Chi Minh,Transport,,First time trying fast track immigration in Ho Chi Minh City… and honestly it saved me so much time 😭✈️Aku beli lewat Klook dan pas sampai bandara langsung dilewatin jalur khusus. Nggak perlu ngantri panjang sama sekali. Super helpful kalau lagi kejar waktu atau lagi capek habis flight!Highly recommend kalau ke HCM dan nggak mau buang waktu di imigrasi ✨,,https://www.tiktok.com/@vanishaoctaviana/video/7615086286868827413
44,@maniezzz99,📸 Slideshow,Vietnam (General),Food & Drink,,Halal snack recommendations in Vietnam. Good reference for Muslim travelers.,,https://www.tiktok.com/@maniezzz99/photo/7619572229201759508
45,@lifeeewithpat,🎥 Video,Ho Chi Minh,Food & Drink,,"i already made a post about this place before but ITS SO GOOD i cannot gatekeep😚 this restaurant has won many awards and honestly dare i say it is the best pizza i’ve ever had in vietnam. if youre traveling to saigon and want some italian food i can’t recommend this place enough.but remember this is still just my humble opinion as a pizza connoisseur 😛margherí in phu my hung, district 7 | italian food in saigon | italian food in vietnam | pizza in vietnam | where to eat in saigon | pizza in saigon | an gi quan 7 | do an y o saigon",,https://www.tiktok.com/@lifeeewithpat/video/7592118327602842901
46,@notesfrommax,🎥 Video,Hoi An,Food & Drink,"Thanh Ha Pottery Village (Hoi An)The price is 35,000 VND to enter the village ($1.50 USD) and explore local shops, pottery classes, and museums. They even give away a few free ceramics at special shops 🏺If you’d like to make your own piece, there are two options:1️⃣ Same day ceramic pottery is 50,000 VND ($2 USD). Note that this is decorative and you cannot drink out of it.2️⃣ If you have more time we recommend the 1-week option to allow them to fire it in the kiln and you can make a coffee mug for your favorite Vietnamese coffee ☕️ this is what we did and the cost was 200k ($8 USD)^^ We found 📍 My Linh shop to offer the kiln option. She was super sweet and helped us shape our cups too!👉 Got questions?? Leave them below!! 💬","📌 SAVE this for your next trip to Vietnam. If you’re looking for a relaxing afternoon or fun local experience, this is a must do in Hoi An 🇻🇳📍 Thanh H…",,https://www.tiktok.com/@notesfrommax/video/7611379054507248917
47,@mydearjunnie,🎥 Video,Da Nang,Transport,,"Vietnam Airport Experience in Danang, Vietnam 🇻🇳sharing out experience pagdating sa Danang and pagbalik sa Manila. we travelled last October guys so n…",,https://www.tiktok.com/@mydearjunnie/video/7597775330836843794
50,@fabtravel0,🎥 Video,Da Nang,Food & Drink,Cơm gà A Hải,,,https://www.tiktok.com/@fabtravel0/video/7618268654634896660
51,@sharexplore,🎥 Video,Ho Chi Minh,Transport,,"Cara naik grab di Tan Son Nhat Airport, Ho Chi Minh Vietnam ✨",,https://www.tiktok.com/@sharexplore/video/7617002823867239701
52,@isnt.it.ben,🎥 Video,Da Nang,Food & Drink,,I think this could be the BEST Banh Mi is Da Nang!,,https://www.tiktok.com/@isnt.it.ben/video/7608380411076496662
53,@vvickyphann,🎥 Video,Ho Chi Minh,Food & Drink,,my favorite banh cuon place in hcmc ❤️❤️❤️,,https://www.tiktok.com/@vvickyphann/video/7615866177851526413
54,@thefreedomhustle,🎥 Video,Da Nang,Food & Drink,,Finally tried the famous banh mi in Danang Vietnam 🇻🇳,,https://www.tiktok.com/@thefreedomhustle/video/7609012530391895318
55,@diananevenn,📸 Slideshow,Da Nang,Attraction,Ban Co Peak,1. Ban Co Peak2. The marble mountains3. My Khe beach4. Song Cong hotel5. Food!6. Dragon bridge 🐉7. Chùa Linh Ung8. Son tra Marina9. Hilton garden inn Da Nag rooftop pool,,https://www.tiktok.com/@diananevenn/photo/7605195574823996704
56,@yoshandtils,📸 Slideshow,Vietnam (General),General,,One of our favourite places in Vietnam #travel #asia #vietnam #thingstodo #fyp,,https://www.tiktok.com/@yoshandtils/photo/7585503350368701718
57,@lasksea,🎥 Video,Ho Chi Minh,Food & Drink,,This place was GORGEOUS. Would highly recommend if you find yourself in Ho Chi Minh City.,,https://www.tiktok.com/@lasksea/video/7595366426085477645
58,@arch.marcbuena,📸 Slideshow,Ho Chi Minh,Tips & Budget,,"skip all the other hyped shops, save this so you don’t have to waste your energy 😉",,https://www.tiktok.com/@arch.marcbuena/photo/7606946082081213716
59,@jvwanderer,🎥 Video,Ho Chi Minh,Tips & Budget,,"Where to stay in Ho Chi Minh / Saigon Vietnam?Here are 3 hotel options for you!All of these are in good location near famous tourist spots.1. APEC Wander Hotel2. Golden Star Hotel3. Dong Nhu 65% 𝙊𝙛𝙛 𝙤𝙣 𝙆𝙡𝙤𝙤𝙠 𝙗𝙤𝙤𝙠𝙞𝙣𝙜𝙨 𝙬/ 𝙘𝙤𝙙𝙚:𝗝𝗩𝗪𝗔𝗡𝗗𝗘𝗥𝟭𝟵𝗞𝗟𝗢𝗢𝗞 | [ hotel recommendation in ho chi minh vietnam, best hotel to stay in ho chi minh vietnam, ho chi minh itinerary, budget-friendly hotel in ho chi minh vietnam, affordable hotel ]",,https://www.tiktok.com/@jvwanderer/video/7600916316752448789
60,@seniworldtravel,🎥 Video,Ho Chi Minh,Food & Drink,,Do you think Vietnam has the best food in Asia? Tell us what you think in the comments 👇,,https://www.tiktok.com/@seniworldtravel/video/7595030160018132279
61,@curiousaboutvietnam,🎥 Video,Ho Chi Minh,Food & Drink,And check out my website to see my Vietnam Food Maps and Street Food Experiences if you’re planning a trip here.Yummmyfaaace 😋,"If you don’t feel lit up by being surrounded by tourists at the busiest bánh mì spot in Saigon - HCMC, this is a quieter, more local option. You can order crispy pork belly, cold cuts, or both, and they offer two sizes, which is great if you want to try more than one style.They bake their own bread, and the passion fruit juice from the neighbor next door is absolutely ridiculous. Together, it’s a perfect combo.📍And check out my website to see my Vietnam Food Maps and Street Food Experiences if you’re planning a trip here.Yummmyfaaace 😋 | LOCATION: Bánh Mì Hồng Hoa54 Nguyễn Văn Tráng, Phường Phạm Ngũ Lão, Quận 1, Thành phố Hồ Chí Minh",,https://www.tiktok.com/@curiousaboutvietnam/video/7587086832869936414
64,@denisedumandan,📸 Slideshow,Ho Chi Minh,Food & Drink,Bo Ne Ba Nui; Cong Ca Phe; Pizza 4P's; Bep Me In; Po Cafe; Pho Viet Nam; Bun Thit Nuong Cha Gio (Nguyen Trung Truc); Man Moi; Banh Mi Huynh Hoa; Dabao Concept; Ganh Cha,"11 restaurant recommendations in HCM: Bo Ne Ba Nui, Cong Ca Phe, Pizza 4P's, Bep Me In, Po Cafe, Pho Viet Nam, Bun Thit Nuong Cha Gio, Man Moi, Banh Mi Huynh Hoa, Dabao Concept, Ganh Cha.",,https://www.tiktok.com/@denisedumandan/photo/7573587992808361223
65,@dvdnguyen,🎥 Video,Ho Chi Minh,Food & Drink,,"Honey-marinated grilled pork and chicken, smoky, sweet, and deeply nostalgic.If you’re in Saigon, this one needs to be on your list.",,https://www.tiktok.com/@dvdnguyen/video/7595633246201711902
66,@rufrain,🎥 Video,Vietnam (General),Food & Drink,,Jangan sampe kamu salah pilih destinasi traveling kamu di Vietnam 🙌🏻,,https://www.tiktok.com/@rufrain/video/7588869435277020436
69,@mariocho_,🎥 Video,Ho Chi Minh,Shopping,,"Gak cuma sekadar hunting souvenir gemash, tapi dapet banyak experience juga 📮💌🛍️",,https://www.tiktok.com/@mariocho_/video/7590709796857285908
70,@downtotravel_,🎥 Video,Ho Chi Minh,Itinerary,meta show located inside thiso mall (4th floor). I purchased my tickets online through their website metashow.vn I also recommend getting the VIP experience for full access to the entire exhibit plus you also get a free mug souvenir with ur photo of choice :),if you’re visiting ho chi minh make sure not to miss this exhibit📍meta show located inside thiso mall (4th floor). I purchased my tickets online through their website metashow.vn I also recommend getting the VIP experience for full access to the entire exhibit plus you also get a free mug souvenir with ur photo of choice :) | things to do in ho chi minh cityexhibit places to go ho chi minh cityactivityitineraryHo chi minh travel,,https://www.tiktok.com/@downtotravel_/video/7586719412065946935
73,@seniworldtravel,🎥 Video,Vietnam (General),Food & Drink,,Have you ever been to any of these places? Tell us in the comments 👇,,https://www.tiktok.com/@seniworldtravel/video/7587714183978863886
74,@ttayawhite,🎥 Video,Vietnam (General),Food & Drink,,1/10 of the amount of Banh mi’s I ate,,https://www.tiktok.com/@ttayawhite/video/7599859608332684551
76,@bybellenotbell,🎥 Video,Ho Chi Minh,Activity,,45 minute night bus tour in ho chi minh city. night tour starts from 4:30pm to 9pm.frequency: 30 minutes/ bus (non stop and no audio),,https://www.tiktok.com/@bybellenotbell/video/7587467453593079048
77,@dindannsq,🎥 Video,Ho Chi Minh,Food & Drink,,day 2 di vietnam! ada aja drama flight hcm to phu quoc HUH tp gapapa yg penting makan pho yg langsung di negaranya yg super enak ituuu aaa mau lagi😔👍🏻,,https://www.tiktok.com/@dindannsq/video/7595862484163087623
78,@hallopeoo,🎥 Video,Ho Chi Minh,Shopping,,"Episode kali ini gue berkelana ke Kota Ho Chi Minh, walaupun singkat tapi tetep banyak hal-hal yang gue dapet dalam trip ini. So enjoy ya gesss, happy…",,https://www.tiktok.com/@hallopeoo/video/7584669438415310100
79,@nyonyabuncit,📸 Slideshow,Ho Chi Minh,Food & Drink,,"Beberapa ""wejangan"" dari aku 😆 Aku suka banget sama negara ini, gak bisa berhenti makan & minum kopinya saking semuanya enak-enak dan murah yang pasti 😍 Selalu tetep waspada ya dan jangan mau diajak ngobrol sama orang asing yang keliatannya mencurigakan, langsung kabur aja 🤣Kalo ada yang mau tanya2 boleh ya ☺️",,https://www.tiktok.com/@nyonyabuncit/photo/7590649620695502087
84,@carenmichele_,🎥 Video,Ho Chi Minh,Tips & Budget,,akhirnya lolos dari yang namanya sc*m di 🇻🇳 memang harus super hati-hati sih,,https://www.tiktok.com/@carenmichele_/video/7593965450334145812
85,@meetupvietnam,🎥 Video,Vietnam (General),Activity,,Top Fun & “Safe” Things to Do in Vietnam! Part 2 🇻🇳🎢Part 2 is back! Disclaimer: We define “safe” very loosely here.1️⃣ The Duck Leader2️⃣ The Rainbow …,,https://www.tiktok.com/@meetupvietnam/video/7589637484212915464
86,@its.ayudya,🎥 Video,Vietnam (General),Tips & Budget,,,,https://www.tiktok.com/@its.ayudya/video/7593981079720103188
87,@ahmedmiardienn,🎥 Video,Vietnam (General),Tips & Budget,,"Makanan di Vietnam itu murah banget! Tapi itu ga berlaku untuk makanan halal🥲🍜🇻🇳Selama 7 hari gue disana, gue nemuin perbandingan harga yang significant dari harga makanan halal dan non halal.Dari pengalaman gue, bisa gue simpulin makanan halal itu bisa 30% lebih mahal, bahkan bisa 50%Jadi buat lo yang mau traveling ke Vietnam, prepare untuk itu semua ya!",,https://www.tiktok.com/@ahmedmiardienn/video/7584466180061023495
